{
  "geometry": {
    "base_radius": 152.0,
    "base_angle": 18.92,
    "platform_radius": 103.0,
    "platform_angle": 28.07,
    "lower_leg": 65.0,
    "upper_leg": 165.0,
    "home_z": 121.90560143976336,
    "calibration_z": 121.90560143976336,
    "stepper_plane_angles": [
      -90.0,
      90.0,
      30.0,
      210.0,
      -210.0,
      -30.0
    ],
    "motor_signs": [
      1,
      -1,
      1,
      -1,
      1,
      -1
    ],
    "zero_offsets_deg": [
      21.899999999999995,
      -12.199999999999992,
      11.800000000000004,
      -22.000000000000004,
      19.899999999999995,
      -30.499999999999993
    ],
    "servo_pulses_per_rev": 3200,
    "default_speed": 180,
    "default_accel": 12
  },
  "pose": {
    "roll": -0.4868798029996277,
    "pitch": -2.1394230194138117,
    "yaw": 2.76121187536479,
    "x": 2.2491291421835826,
    "y": -15.034309809543197,
    "z": 121.90560143976336
  },
  "lastCalibration": {
    "timestamp": 1773413614.0164511,
    "calibrationPose": {
      "roll": -0.4868798029996277,
      "pitch": -2.1394230194138117,
      "yaw": 2.76121187536479,
      "x": 2.2491291421835826,
      "y": -15.034309809543197,
      "z": 121.90560143976336
    },
    "referenceMotorAnglesDeg": [
      -21.899999999999995,
      -12.199999999999992,
      -11.800000000000004,
      -22.000000000000004,
      -19.899999999999995,
      -30.499999999999993
    ],
    "beforeServoDeg": [
      -4.7,
      -3.8,
      -3.1,
      6.7,
      1.4,
      9.9
    ],
    "beforeRawDeg": [
      -9.4,
      -5.1,
      0.3,
      7.2,
      -3.7,
      11.2
    ],
    "afterServoDeg": [
      -0.0,
      0.0,
      -0.0,
      0.0,
      0.0,
      0.0
    ],
    "afterRawDeg": [
      -9.4,
      -5.1,
      0.3,
      7.2,
      -3.6,
      11.2
    ]
  },
  "lastFeedback": {
    "type": "disable_all",
    "message": "已失能全部馬達，可手動調整",
    "timestamp": 1773413640.625906
  },
  "motionDurationMs": 700
}