{
  "geometry": {
    "base_radius": 152.0,
    "base_angle": 18.92,
    "platform_radius": 103.0,
    "platform_angle": 28.07,
    "lower_leg": 65.0,
    "upper_leg": 165.0,
    "home_z": 143.1739119883784,
    "calibration_z": 222.23941294691016,
    "stepper_plane_angles": [
      -90.0,
      90.0,
      30.0,
      210.0,
      -210.0,
      -30.0
    ],
    "motor_signs": [
      1,
      -1,
      1,
      -1,
      1,
      -1
    ],
    "zero_offsets_deg": [
      -90.0,
      90.0,
      -90.0,
      90.0,
      -90.0,
      90.0
    ],
    "servo_pulses_per_rev": 3200,
    "default_speed": 180,
    "default_accel": 12
  },
  "pose": {
    "roll": 0.0,
    "pitch": 0.0,
    "yaw": 0.0,
    "x": 0.0,
    "y": 0.0,
    "z": 215.673911988378
  },
  "lastCalibration": {
    "timestamp": 1773417275.808507,
    "calibrationPose": {
      "roll": 0.0,
      "pitch": 0.0,
      "yaw": 0.0,
      "x": 0.0,
      "y": 0.0,
      "z": 222.23941294691016
    },
    "beforeRawDeg": [
      97.8,
      -105.2,
      83.9,
      -106.5,
      97.2,
      -105.9
    ],
    "afterRawDeg": [
      97.6,
      -105.2,
      83.9,
      -106.5,
      97.2,
      -105.9
    ]
  },
  "lastFeedback": {
    "type": "disable_all",
    "message": "已失能全部馬達，可手動調整",
    "timestamp": 1773417327.484222
  },
  "motionDurationMs": 100,
  "motorSettings": {
    "positionSpeed": 120,
    "positionAccel": 8,
    "workCurrentMa": 3000,
    "holdCurrentRatio": -1
  }
}