{
  "geometry": {
    "base_radius": 152.0,
    "base_angle": 18.92,
    "platform_radius": 103.0,
    "platform_angle": 28.07,
    "lower_leg": 65.0,
    "upper_leg": 165.0,
    "home_z": 143.17391204375835,
    "calibration_z": 222.23941294691016,
    "stepper_plane_angles": [
      -90.0,
      90.0,
      30.0,
      210.0,
      -210.0,
      -30.0
    ],
    "motor_signs": [
      1,
      -1,
      1,
      -1,
      1,
      -1
    ],
    "zero_offsets_deg": [
      -90.0,
      90.0,
      -90.0,
      90.0,
      -90.0,
      90.0
    ],
    "servo_pulses_per_rev": 3200,
    "default_speed": 180,
    "default_accel": 12
  },
  "pose": {
    "roll": 0.0,
    "pitch": 0.0,
    "yaw": 0.0,
    "x": 0.0,
    "y": 0.0,
    "z": 222.23941294691016
  },
  "lastCalibration": {
    "timestamp": 1773398782.8399968,
    "calibrationPose": {
      "roll": 0.0,
      "pitch": 0.0,
      "yaw": 0.0,
      "x": 0.0,
      "y": 0.0,
      "z": 222.23941294691016
    },
    "beforeServoDeg": [
      0.0,
      2.1,
      -0.0,
      0.0,
      -0.0,
      0.0
    ],
    "beforeRawDeg": [
      3529.3,
      -3172.5,
      3123.1,
      -3378.0,
      3377.1,
      -3379.2
    ],
    "afterServoDeg": [
      0.0,
      0.0,
      0.0,
      0.0,
      0.0,
      0.0
    ],
    "afterRawDeg": [
      3529.3,
      -3172.5,
      3123.1,
      -3378.0,
      3377.1,
      -3379.2
    ]
  },
  "lastFeedback": {
    "type": "disable_all",
    "message": "已失能全部馬達，可手動調整",
    "timestamp": 1773410788.860748
  }
}