{
  "geometry": {
    "base_radius": 152.0,
    "base_angle": 18.92,
    "platform_radius": 103.0,
    "platform_angle": 28.07,
    "lower_leg": 65.0,
    "upper_leg": 165.0,
    "home_z": 128.04362983835736,
    "calibration_z": 128.04362983835736,
    "stepper_plane_angles": [
      -90.0,
      90.0,
      30.0,
      210.0,
      -210.0,
      -30.0
    ],
    "motor_signs": [
      1,
      -1,
      1,
      -1,
      1,
      -1
    ],
    "zero_offsets_deg": [
      11.599999999999994,
      -13.599999999999994,
      10.900000000000006,
      -14.700000000000003,
      14.099999999999994,
      -19.599999999999994
    ],
    "servo_pulses_per_rev": 3200,
    "default_speed": 180,
    "default_accel": 12
  },
  "pose": {
    "roll": 1.2167941522614034,
    "pitch": -1.3012890118403888,
    "yaw": 2.98684809478927,
    "x": 2.287231670896571,
    "y": -0.7344993533250211,
    "z": 150.043629838357
  },
  "lastCalibration": {
    "timestamp": 1773413354.993827,
    "calibrationPose": {
      "roll": 1.2167941522614034,
      "pitch": -1.3012890118403888,
      "yaw": 2.98684809478927,
      "x": 2.287231670896571,
      "y": -0.7344993533250211,
      "z": 128.04362983835736
    },
    "referenceMotorAnglesDeg": [
      -11.599999999999994,
      -13.599999999999994,
      -10.900000000000006,
      -14.700000000000003,
      -14.099999999999994,
      -19.599999999999994
    ],
    "beforeServoDeg": [
      -101.6,
      103.6,
      -100.9,
      104.7,
      -104.1,
      109.6
    ],
    "beforeRawDeg": [
      0.9,
      -3.7,
      1.2,
      -0.1,
      2.1,
      0.2
    ],
    "afterServoDeg": [
      0.0,
      -0.0,
      0.0,
      0.0,
      0.0,
      0.0
    ],
    "afterRawDeg": [
      0.9,
      -3.7,
      1.2,
      -0.1,
      2.1,
      0.2
    ]
  },
  "lastFeedback": {
    "type": "motion_queue",
    "message": "已排入平滑移動 0.7s",
    "timestamp": 1773413513.728569
  },
  "motionDurationMs": 700
}