{
  "geometry": {
    "base_radius": 152.0,
    "base_angle": 18.92,
    "platform_radius": 103.0,
    "platform_angle": 28.07,
    "lower_leg": 65.0,
    "upper_leg": 165.0,
    "home_z": 128.62734493106663,
    "calibration_z": 128.62734493106663,
    "stepper_plane_angles": [
      -90.0,
      90.0,
      30.0,
      210.0,
      -210.0,
      -30.0
    ],
    "motor_signs": [
      1,
      -1,
      1,
      -1,
      1,
      -1
    ],
    "zero_offsets_deg": [
      5.900000000000006,
      -17.099999999999994,
      18.599999999999994,
      -9.400000000000006,
      15.400000000000006,
      -7.599999999999994
    ],
    "servo_pulses_per_rev": 3200,
    "default_speed": 180,
    "default_accel": 12
  },
  "pose": {
    "roll": 2.7115558249872955,
    "pitch": -1.1543102794074125,
    "yaw": -1.5222812032794426,
    "x": 2.3232739775131974,
    "y": 17.647200808649433,
    "z": 149.127344931067
  },
  "lastCalibration": {
    "timestamp": 1773414697.741719,
    "calibrationPose": {
      "roll": 2.7115558249872955,
      "pitch": -1.1543102794074125,
      "yaw": -1.5222812032794426,
      "x": 2.3232739775131974,
      "y": 17.647200808649433,
      "z": 128.62734493106663
    },
    "referenceMotorAnglesDeg": [
      -5.900000000000006,
      -17.099999999999994,
      -18.599999999999994,
      -9.400000000000006,
      -15.400000000000006,
      -7.599999999999994
    ],
    "beforeServoDeg": [
      -95.9,
      107.1,
      -108.6,
      99.4,
      -105.4,
      97.6
    ],
    "beforeRawDeg": [
      2.5,
      -5.7,
      1.0,
      -1.8,
      0.6,
      -5.0
    ],
    "afterServoDeg": [
      0.0,
      0.0,
      0.0,
      0.0,
      0.0,
      -2.5
    ],
    "afterRawDeg": [
      2.5,
      -5.7,
      1.0,
      -3.6,
      0.6,
      -5.0
    ]
  },
  "lastFeedback": {
    "type": "motion_done",
    "message": "平滑移動完成 0.1s",
    "timestamp": 1773415176.6411572
  },
  "motionDurationMs": 100
}